step,perf/cpu_memory_used_gb,perf/max_memory_allocated_gb,perf/max_memory_reserved_gb,train/global_tokens,train/grad_norm,train/loss,train/lr,train/mfu,train/total_tokens(B)
1,79.18164825439453,33.99142503738403,73.93359375,539381.0,6.431085586547852,0.6141531467437744,1e-06,0.022854447435557028,0.000539381
2,95.40848541259766,34.96318578720093,73.93359375,554329.0,5.877639293670654,0.6303765773773193,1e-06,0.021156934202811103,0.00109371
3,103.72791290283203,38.17852973937988,74.181640625,547678.0,6.049301624298096,0.6011527180671692,1e-06,0.023396244576209337,0.001641388
4,105.46435928344727,38.17852973937988,74.181640625,590665.0,5.5981831550598145,0.5682074427604675,1e-06,0.0270783360512085,0.002232053
5,109.16994094848633,38.17852973937988,75.658203125,610451.0,5.154799461364746,0.5835652351379395,1e-06,0.022078750698073614,0.002842504
6,111.5293960571289,38.17852973937988,75.658203125,558930.0,5.249109745025635,0.5731850266456604,1e-06,0.025112388150713486,0.003401434
7,112.9490852355957,38.17852973937988,75.658203125,513566.0,5.3156867027282715,0.6207512617111206,1e-06,0.026889066144397296,0.003915
8,122.41643524169922,38.17852973937988,76.39453125,592454.0,4.932796955108643,0.5711674690246582,1e-06,0.025265738299467877,0.004507454
9,127.86991119384766,39.366190910339355,76.39453125,553000.0,3.720416784286499,0.5710940361022949,1e-06,0.022179465039363955,0.005060454
10,131.9604949951172,39.366190910339355,76.39453125,565701.0,3.512418270111084,0.5548256635665894,1e-06,0.03074655335286259,0.005626155
11,133.7794418334961,39.366190910339355,76.39453125,546368.0,3.5249814987182617,0.5768218040466309,1e-06,0.024307887375404683,0.006172523
12,152.2462615966797,39.98356342315674,76.39453125,640724.0,3.1706249713897705,0.5293900370597839,1e-06,0.01857916015733699,0.006813247
13,155.53671646118164,39.98356342315674,76.39453125,507470.0,3.4270272254943848,0.5609298944473267,1e-06,0.021078652829982673,0.007320717
14,151.9174690246582,39.98356342315674,76.39453125,582416.0,3.0213394165039062,0.5390374064445496,1e-06,0.025179887125077276,0.007903133
15,160.39476013183594,39.98356342315674,76.39453125,531113.0,2.9908602237701416,0.5529690384864807,1e-06,0.022290835125858194,0.008434246
16,148.6765899658203,39.98356342315674,76.39453125,529960.0,2.7997002601623535,0.524451732635498,1e-06,0.025653037434691755,0.008964206
17,153.5741081237793,39.98356342315674,76.39453125,630371.0,1.7391347885131836,0.5269547700881958,1e-06,0.026712055634478888,0.009594577
18,154.05384826660156,39.98356342315674,76.39453125,545654.0,1.709051251411438,0.5320792198181152,1e-06,0.024113422761274456,0.010140231
19,157.43932342529297,39.98356342315674,76.39453125,611493.0,1.7018671035766602,0.5518081188201904,1e-06,0.02419549322105336,0.010751724
20,150.63282775878906,39.98356342315674,76.39453125,520411.0,1.6378288269042969,0.549905002117157,1e-06,0.024820497179738808,0.011272135
21,154.21032333374023,39.98356342315674,76.39453125,513822.0,1.4787219762802124,0.48743265867233276,1e-06,0.022484160585202594,0.011785957
22,152.72238540649414,39.98356342315674,76.39453125,566255.0,1.6113078594207764,0.5573071837425232,1e-06,0.03178563657352204,0.012352212
23,154.14145278930664,39.98356342315674,76.39453125,607845.0,1.348214030265808,0.50275719165802,1e-06,0.028622877607064997,0.012960057
24,149.48573303222656,39.98356342315674,76.39453125,583410.0,1.4362804889678955,0.4990588426589966,1e-06,0.028608062316824234,0.013543467
25,151.6474609375,39.98356342315674,76.39453125,548033.0,1.383895754814148,0.5151412487030029,1e-06,0.022604238188977586,0.0140915
26,152.29900360107422,39.98356342315674,76.39453125,668954.0,1.1702228784561157,0.47576904296875,1e-06,0.019655311112179472,0.014760454
27,157.21070098876953,39.98356342315674,76.39453125,570606.0,1.3619215488433838,0.5280001163482666,1e-06,0.023257925938914993,0.01533106
28,150.69424057006836,39.98356342315674,76.39453125,528146.0,1.2014204263687134,0.5208550691604614,1e-06,0.02392719488438194,0.015859206
29,155.71038818359375,39.98356342315674,76.39453125,558483.0,1.1328527927398682,0.4951223134994507,1e-06,0.02376646562674987,0.016417689
30,154.37202072143555,39.98356342315674,76.39453125,537292.0,1.0942078828811646,0.5473853349685669,1e-06,0.02810525370568542,0.016954981
31,152.8080596923828,39.98356342315674,76.39453125,575481.0,0.8419805765151978,0.49088627099990845,1e-06,0.025644269148532843,0.017530462
32,147.9636001586914,39.98356342315674,76.39453125,587412.0,0.8282009959220886,0.4795711934566498,1e-06,0.023830989823470934,0.018117874
33,151.32429885864258,39.98356342315674,76.39453125,564743.0,0.8733240365982056,0.5069921016693115,1e-06,0.025024853495292272,0.018682617
34,147.71015167236328,39.98356342315674,76.39453125,638587.0,0.8979282975196838,0.5213286876678467,1e-06,0.02300686122940603,0.019321204
35,155.08152770996094,39.98356342315674,76.39453125,565738.0,0.9025580286979675,0.5126751661300659,1e-06,0.023617302648769833,0.019886942
36,148.74430084228516,39.98356342315674,76.39453125,521393.0,1.058255910873413,0.4994075894355774,1e-06,0.02382863458995748,0.020408335
37,152.9547348022461,39.98356342315674,76.39453125,535482.0,0.8519693613052368,0.47052672505378723,1e-06,0.025458380164548555,0.020943817
38,148.81328964233398,39.98356342315674,76.39453125,520023.0,0.8985010981559753,0.48716309666633606,1e-06,0.02802151860044301,0.02146384
39,155.45232772827148,39.98356342315674,76.39453125,648157.0,0.7764031887054443,0.45960748195648193,1e-06,0.024830398572535828,0.022111997
40,153.68973541259766,39.98356342315674,76.39453125,657900.0,0.7737603187561035,0.5038400888442993,1e-06,0.01956218746090283,0.022769897
41,154.03869247436523,39.98356342315674,76.39453125,618521.0,0.7181392312049866,0.5014515519142151,1e-06,0.02248650776054966,0.023388418
42,157.8936538696289,39.98356342315674,76.39453125,599027.0,0.6725830435752869,0.4872778058052063,1e-06,0.02281021048624389,0.023987445
43,153.09408950805664,39.98356342315674,76.39453125,560363.0,0.613396167755127,0.4575715661048889,1e-06,0.026711193491306854,0.024547808
44,152.85206604003906,39.98356342315674,76.39453125,531801.0,0.6099652051925659,0.4813804626464844,1e-06,0.026401944873608526,0.025079609
45,151.70197296142578,39.98356342315674,76.39453125,609084.0,0.606015145778656,0.4878416657447815,1e-06,0.024924441965888205,0.025688693
46,155.28374862670898,39.98356342315674,76.39453125,588588.0,0.5409783720970154,0.4990093410015106,1e-06,0.02251879738528674,0.026277281
47,149.58250427246094,39.98356342315674,76.39453125,511434.0,0.551729142665863,0.5036435127258301,1e-06,0.020359579056755485,0.026788715
48,153.6196060180664,39.98356342315674,76.39453125,534330.0,0.5272153615951538,0.47307056188583374,1e-06,0.022167735563665643,0.027323045
49,152.46991729736328,39.98356342315674,76.39453125,553436.0,0.5064403414726257,0.45935922861099243,1e-06,0.02340703520963137,0.027876481
50,155.07510375976562,39.98356342315674,76.39453125,566195.0,0.5057225823402405,0.485480934381485,1e-06,0.029496620347198833,0.028442676
51,148.2128562927246,39.98356342315674,76.39453125,577588.0,0.4753667414188385,0.46686649322509766,1e-06,0.02553720383200261,0.029020264
52,151.11270141601562,39.98356342315674,76.39453125,493656.0,0.494016170501709,0.4667038321495056,1e-06,0.027276482275186822,0.02951392
53,153.69755935668945,39.98356342315674,76.39453125,623176.0,0.4516832232475281,0.4452517032623291,1e-06,0.02868962589732882,0.030137096
54,146.73104095458984,39.98356342315674,76.39453125,516842.0,0.4750717282295227,0.4419107437133789,1e-06,0.020633791845324656,0.030653938
55,147.59124374389648,39.98356342315674,76.39453125,600698.0,0.4740065634250641,0.485503613948822,1e-06,0.021541004453666326,0.031254636
56,151.21015548706055,39.98356342315674,76.39453125,533380.0,0.5774312019348145,0.49677419662475586,1e-06,0.026003206351230636,0.031788016
57,149.33686447143555,39.98356342315674,76.39453125,597780.0,0.4654708206653595,0.48064008355140686,1e-06,0.028132365130562848,0.032385796
58,147.79921340942383,39.98356342315674,76.39453125,528136.0,0.46562305092811584,0.44536417722702026,1e-06,0.027175220131077607,0.032913932
59,154.99040603637695,39.98356342315674,76.39453125,575214.0,0.4808935523033142,0.46306440234184265,1e-06,0.022344834696419593,0.033489146
60,149.43108749389648,39.98356342315674,76.39453125,594603.0,0.46891477704048157,0.49363404512405396,1e-06,0.02893839979468055,0.034083749
61,157.45713806152344,39.98356342315674,76.39453125,530151.0,0.4228687882423401,0.4492640495300293,1e-06,0.022197589998330502,0.0346139
62,157.93368530273438,39.98356342315674,76.39453125,541389.0,0.4525187611579895,0.5043246150016785,1e-06,0.022690192443086347,0.035155289
63,160.64733123779297,39.98356342315674,76.39453125,550574.0,0.4542422592639923,0.4746258854866028,1e-06,0.022468869556599956,0.035705863
64,152.43632125854492,39.98356342315674,76.39453125,573052.0,0.4546697735786438,0.49995189905166626,1e-06,0.023273102583662796,0.036278915
65,155.3025894165039,39.98356342315674,76.39453125,563174.0,0.41570645570755005,0.47808200120925903,1e-06,0.023816923886972697,0.036842089
66,156.76624298095703,39.98356342315674,76.39453125,579885.0,0.46125245094299316,0.4505077004432678,1e-06,0.024689429265170322,0.037421974
67,157.08018112182617,39.98356342315674,76.39453125,557961.0,0.5038918852806091,0.5204429626464844,1e-06,0.02503357350149388,0.037979935
68,151.82445907592773,39.98356342315674,76.39453125,549832.0,0.43571168184280396,0.4413658380508423,1e-06,0.024754877041465288,0.038529767
69,151.39912033081055,39.98356342315674,76.39453125,526861.0,0.41139349341392517,0.4650633633136749,1e-06,0.023785619038039357,0.039056628
70,155.46710968017578,39.98356342315674,76.39453125,514036.0,0.38090384006500244,0.43765538930892944,1e-06,0.026226028200976248,0.039570664
71,149.07529067993164,39.98356342315674,76.39453125,593477.0,0.3869371712207794,0.4708670973777771,1e-06,0.027019129829080012,0.040164141
72,155.3612289428711,39.98356342315674,76.39453125,558014.0,0.3857985734939575,0.4419379234313965,1e-06,0.03028853457130699,0.040722155
73,149.36531448364258,39.98356342315674,76.39453125,563904.0,0.41154181957244873,0.47653892636299133,1e-06,0.02899720916857009,0.041286059
74,152.90232467651367,39.98356342315674,76.39453125,515636.0,0.39101019501686096,0.46197569370269775,1e-06,0.03210412089777382,0.041801695
75,150.61888122558594,39.98356342315674,76.39453125,562138.0,0.41361311078071594,0.48455721139907837,1e-06,0.03093638177110709,0.042363833
76,154.7105712890625,39.98356342315674,76.39453125,566275.0,0.3799332082271576,0.4659234583377838,1e-06,0.018928973983794405,0.042930108
77,150.93696975708008,39.98356342315674,76.39453125,574816.0,0.40265971422195435,0.47612178325653076,1e-06,0.02177532464676036,0.043504924
78,152.15157318115234,39.98356342315674,76.39453125,529528.0,0.40759918093681335,0.4661995470523834,1e-06,0.022696665379033604,0.044034452
79,150.7292251586914,39.98356342315674,76.548828125,601370.0,0.3636057376861572,0.4516849219799042,1e-06,0.030567359954844525,0.044635822
80,157.37564086914062,39.98356342315674,76.548828125,600653.0,0.3612416684627533,0.45124340057373047,1e-06,0.02294841545399989,0.045236475
81,152.76969528198242,39.98356342315674,76.548828125,596051.0,0.376584529876709,0.47075313329696655,1e-06,0.030382736672740846,0.045832526
82,153.63378524780273,39.98356342315674,76.548828125,504032.0,0.40222078561782837,0.4825890064239502,1e-06,0.02440517427838997,0.046336558
83,157.1331329345703,39.98356342315674,76.548828125,588862.0,0.3782597482204437,0.45867183804512024,1e-06,0.02037340179886726,0.04692542
84,148.10362243652344,39.98356342315674,76.548828125,479405.0,0.3717622756958008,0.4399276077747345,1e-06,0.020741331164638444,0.047404825
85,151.44655227661133,39.98356342315674,76.548828125,561517.0,0.3408263921737671,0.41895195841789246,1e-06,0.030418019112651008,0.047966342
86,151.61020278930664,39.98356342315674,76.548828125,590623.0,0.37944740056991577,0.5100462436676025,1e-06,0.023194461028315648,0.048556965
87,154.9759521484375,39.98356342315674,76.548828125,596652.0,0.3500663936138153,0.45513081550598145,1e-06,0.021635546561035366,0.049153617
88,158.58848190307617,39.98356342315674,76.548828125,622171.0,0.34168070554733276,0.46425360441207886,1e-06,0.02280081777687372,0.049775788
89,151.05460357666016,39.98356342315674,76.548828125,528430.0,0.3739892840385437,0.45260441303253174,1e-06,0.023266484837211363,0.050304218
90,152.38698959350586,39.98356342315674,76.548828125,556530.0,0.3473283648490906,0.460367888212204,1e-06,0.018346738776746394,0.050860748
91,154.02441787719727,39.98356342315674,76.548828125,552348.0,0.3524698317050934,0.4683738946914673,1e-06,0.023807951953554615,0.051413096
92,154.74441146850586,39.98356342315674,76.548828125,553670.0,0.3860541582107544,0.4899046719074249,1e-06,0.030285470268405938,0.051966766
93,149.72108840942383,39.98356342315674,76.548828125,499577.0,0.3769526183605194,0.46031489968299866,1e-06,0.03112650513467475,0.052466343
94,150.68409729003906,39.98356342315674,76.548828125,593741.0,0.37861910462379456,0.497758150100708,1e-06,0.026267538564637965,0.053060084
95,148.92681884765625,39.98356342315674,76.548828125,568046.0,0.35762977600097656,0.461166650056839,1e-06,0.029512546130882843,0.05362813
96,154.33623886108398,39.98356342315674,76.548828125,498461.0,0.3661210834980011,0.4438152015209198,1e-06,0.025243534778894353,0.054126591
97,154.2000961303711,39.98356342315674,76.548828125,559687.0,0.3558717966079712,0.46190690994262695,1e-06,0.02857242825231467,0.054686278
98,152.27467727661133,39.98356342315674,76.548828125,494906.0,0.39689159393310547,0.49477052688598633,1e-06,0.02301528028690099,0.055181184
99,155.2779197692871,39.98356342315674,76.548828125,533052.0,0.3505017161369324,0.45623719692230225,1e-06,0.020136899977816394,0.055714236
100,155.24055862426758,39.98356342315674,76.548828125,534240.0,0.33925679326057434,0.4340789318084717,1e-06,0.02392044467076168,0.056248476
101,153.94781112670898,39.98356342315674,76.548828125,587100.0,0.33333322405815125,0.4474548101425171,1e-06,0.02293174129230015,0.056835576
102,155.04019165039062,39.98356342315674,76.548828125,482352.0,0.36056289076805115,0.4670899212360382,1e-06,0.022628659050228407,0.057317928
103,150.91603088378906,39.98356342315674,76.548828125,546401.0,0.3351947069168091,0.45646539330482483,1e-06,0.02263927912470535,0.057864329
104,157.52790069580078,39.98356342315674,76.548828125,570616.0,0.3376098871231079,0.46775931119918823,1e-06,0.023680856422882365,0.058434945
105,153.03367233276367,39.98356342315674,76.548828125,518567.0,0.3476050794124603,0.4485476315021515,1e-06,0.022830192231517214,0.058953512
106,155.66828155517578,39.98356342315674,76.548828125,541718.0,0.3310820460319519,0.4415286183357239,1e-06,0.02386766553888368,0.05949523
107,150.61126708984375,39.98356342315674,76.548828125,500598.0,0.35780587792396545,0.44996461272239685,1e-06,0.02838233974934725,0.059995828
108,157.72979736328125,39.98356342315674,76.548828125,592474.0,0.340243935585022,0.4462210237979889,1e-06,0.02608497991527524,0.060588302
109,152.15987014770508,39.98356342315674,76.548828125,543673.0,0.3555603623390198,0.4739755392074585,1e-06,0.030056798476516815,0.061131975
110,153.93587112426758,39.98356342315674,76.548828125,491018.0,0.36934900283813477,0.46685099601745605,1e-06,0.02436686377411332,0.061622993
111,154.2687530517578,39.98356342315674,76.548828125,568115.0,0.3403855562210083,0.4204989969730377,1e-06,0.02376773979816178,0.062191108
112,157.80585861206055,39.98356342315674,76.548828125,586537.0,0.32380780577659607,0.46585655212402344,1e-06,0.02513315658698174,0.062777645
113,151.8345603942871,39.98356342315674,76.548828125,546175.0,0.3347035050392151,0.45043647289276123,1e-06,0.024514373941409002,0.06332382
114,156.32138061523438,39.98356342315674,76.548828125,574158.0,0.32983025908470154,0.4560472071170807,1e-06,0.024424679929457353,0.063897978
115,157.4790382385254,39.98356342315674,76.548828125,541942.0,0.3475756049156189,0.4666755795478821,1e-06,0.02313739253742116,0.06443992
116,157.24925231933594,39.98356342315674,76.548828125,545718.0,0.32445260882377625,0.4250388741493225,1e-06,0.024161118143158123,0.064985638
117,152.25557708740234,39.98356342315674,76.548828125,599049.0,0.31511181592941284,0.4473467469215393,1e-06,0.026920582518913206,0.065584687
118,150.53614807128906,39.98356342315674,76.548828125,511326.0,0.3452927768230438,0.43175289034843445,1e-06,0.025742218340137315,0.066096013
119,154.9287223815918,39.98356342315674,76.548828125,567228.0,0.3288065791130066,0.4584812521934509,1e-06,0.02668358516121942,0.066663241
120,158.18723678588867,39.98356342315674,76.548828125,552243.0,0.3416649401187897,0.4532337188720703,1e-06,0.019047757879170162,0.067215484
121,155.8177375793457,39.98356342315674,76.548828125,634896.0,0.3339991569519043,0.46738117933273315,1e-06,0.02434934035089251,0.06785038
122,157.89801406860352,39.98356342315674,76.548828125,554651.0,0.3277016580104828,0.4564916789531708,1e-06,0.024479346052171187,0.068405031
123,157.9390754699707,39.98356342315674,76.548828125,530632.0,0.3543541133403778,0.44309788942337036,1e-06,0.020863222556423425,0.068935663
124,150.7867202758789,39.98356342315674,76.548828125,559048.0,0.3590252995491028,0.4749990999698639,1e-06,0.02530670400205389,0.069494711
125,154.24522399902344,39.98356342315674,76.548828125,569541.0,0.32959848642349243,0.4732791781425476,1e-06,0.02320203311659728,0.070064252
126,151.72672653198242,39.98356342315674,76.548828125,557960.0,0.33511248230934143,0.4653850793838501,1e-06,0.02538880906107148,0.070622212
127,156.70088577270508,39.98356342315674,76.548828125,623880.0,0.31700587272644043,0.4191610515117645,1e-06,0.027514752611024814,0.071246092
128,146.98837661743164,39.98356342315674,76.548828125,552335.0,0.3427552580833435,0.4554867446422577,1e-06,0.02471927467040902,0.071798427
129,152.55587005615234,39.98356342315674,76.548828125,610064.0,0.3305923342704773,0.46976470947265625,1e-06,0.024258142164595806,0.072408491
130,158.08588027954102,39.98356342315674,76.548828125,547978.0,0.3438447117805481,0.4646299183368683,1e-06,0.022513189388005762,0.072956469
131,147.21044921875,39.98356342315674,76.548828125,523943.0,0.34556692838668823,0.45571017265319824,1e-06,0.028254611647443625,0.073480412
132,152.55214309692383,39.98356342315674,76.548828125,475684.0,0.3676609396934509,0.45632776618003845,1e-06,0.024509969134899744,0.073956096
133,206.4751091003418,39.98356342315674,76.548828125,559283.0,0.34042301774024963,0.48668545484542847,1e-06,0.01949671774632005,0.074515379
134,229.62468338012695,39.98356342315674,76.548828125,610684.0,0.320243775844574,0.4903634488582611,1e-06,0.02011860392385385,0.075126063
135,229.1769256591797,39.98356342315674,76.548828125,566340.0,0.34558993577957153,0.4907979369163513,1e-06,0.022992192583074163,0.075692403
136,223.68584823608398,39.98356342315674,76.548828125,575763.0,0.33847710490226746,0.449989914894104,1e-06,0.024611115093545893,0.076268166
137,225.73943710327148,39.98356342315674,76.548828125,585165.0,0.3517962098121643,0.48839378356933594,1e-06,0.025585505433050007,0.076853331
138,226.9621353149414,39.98356342315674,76.548828125,590350.0,0.32574963569641113,0.43987399339675903,1e-06,0.025046797085101644,0.077443681
139,223.96214294433594,39.98356342315674,76.548828125,467515.0,0.3666548728942871,0.47731655836105347,1e-06,0.03122861738417768,0.077911196
