method,step,avg,orig_hw,train_gpu_h,data_gpu_h,total_gpu_h,flops_1e18,flops_student_inf,flops_teacher_inf,flops_train,gpu_h_rel_opd,flops_rel_opd
SFT,40,,4xH100,6.235011990407675,4.307594950781929,10.542606941189604,0.41512661832,0.0,0.18014128128000004,0.23498533704,0.20408553248123398,0.31801282178886214
KD,139,41.73,4xH100,76.3908315158967,14.9688924539672,91.35972396986391,2.323054615048,0.0,1.251880486728,1.07117412832,1.7685566784133895,1.779604392247331
TRD,40,41.59,4xH100,21.101100652021803,8.212950526767306,29.314051178789107,0.66007609632,0.0276873216,0.3977207260800001,0.23466804864,0.5674662611798235,0.5056593644503157
GRPO,120,45.66,4xA100,121.123666304992,0.0,121.123666304992,6.20890329312,1.241780658624,0.0,4.967122634496,2.3447320071618156,4.756406285026993
SKD,120,45.58,4xA100,119.84092125458733,0.0,119.84092125458733,2.8808754808,0.299786798,1.3819414908,1.199147192,2.319900415876106,2.2069298870286738
OPD,80,50.18,8xA100,51.65778687501533,0.0,51.65778687501533,1.30537698444,0.17791191864,0.41581739124,0.71164767456,1.0,1.0
FastOPD,60,52.42,8xA100,27.481815032594735,0.0,27.481815032594735,0.82719004044,0.11273905464,0.26349476724,0.45095621856,0.5319975301901003,0.6336790446744855
RelayOPD,40,53.24,8xA100,27.589275204721424,0.0,27.589275204721424,0.3621247458023813,0.04715633850882789,0.1189056348135534,0.19606277248,0.5340777620123943,0.27741008928369526
CriticOPD,40,52.35,4xA100,22.206677303206718,0.0,22.206677303206718,0.8840314939468168,0.12826117220799085,0.4571225249388259,0.2986477968,0.4298805397322807,0.6772231351436472
