method,run,step,wall_s,gpu_s
SFT,sft_pt17b_seed43,1,118,472
SFT,sft_pt17b_seed43,2,105,420
SFT,sft_pt17b_seed43,3,114,456
SFT,sft_pt17b_seed43,4,105,420
SFT,sft_pt17b_seed43,5,103,412
SFT,sft_pt17b_seed43,6,108,432
SFT,sft_pt17b_seed43,7,103,412
SFT,sft_pt17b_seed43,8,116,464
GRPO,grpo_pt17b,1,459.8520023399906,1839.4080093599623
GRPO,grpo_pt17b,2,425.53687268297654,1702.1474907319061
GRPO,grpo_pt17b,3,492.8414271060028,1971.3657084240112
GRPO,grpo_pt17b,4,423.00241723199724,1692.009668927989
GRPO,grpo_pt17b,5,485.39305994601455,1941.5722397840582
GRPO,grpo_pt17b,6,462.47719976099324,1849.908799043973
GRPO,grpo_pt17b,7,487.3281586020312,1949.3126344081247
GRPO,grpo_pt17b,8,492.68290129100205,1970.7316051640082
GRPO,grpo_pt17b,9,504.1591697259573,2016.6366789038293
GRPO,grpo_pt17b,10,461.3558612469933,1845.4234449879732
GRPO,grpo_pt17b,11,523.3423018419999,2093.3692073679995
GRPO,grpo_pt17b,12,489.2515656289761,1957.0062625159044
GRPO,grpo_pt17b,13,583.1055603420245,2332.422241368098
GRPO,grpo_pt17b,14,466.8773387859692,1867.5093551438767
GRPO,grpo_pt17b,15,509.60764762799954,2038.4305905119982
GRPO,grpo_pt17b,16,462.7425333210267,1850.9701332841069
GRPO,grpo_pt17b,17,510.29173511400586,2041.1669404560234
GRPO,grpo_pt17b,18,451.17987607599935,1804.7195043039974
GRPO,grpo_pt17b,19,491.55251123500057,1966.2100449400023
GRPO,grpo_pt17b,20,504.0213246300118,2016.0852985200472
GRPO,grpo_pt17b,21,534.1136231810087,2136.454492724035
GRPO,grpo_pt17b,22,463.65463806694606,1854.6185522677843
GRPO,grpo_pt17b,23,451.47725207102485,1805.9090082840994
GRPO,grpo_pt17b,24,550.5238037680392,2202.095215072157
GRPO,grpo_pt17b,25,460.8411188299651,1843.3644753198605
GRPO,grpo_pt17b,26,498.64482812199276,1994.579312487971
GRPO,grpo_pt17b,27,495.679841930978,1982.719367723912
GRPO,grpo_pt17b,28,579.1937823129701,2316.7751292518806
GRPO,grpo_pt17b,29,530.4322000170359,2121.7288000681438
GRPO,grpo_pt17b,30,558.7458152830368,2234.983261132147
GRPO,grpo_pt17b,31,524.129488423001,2096.517953692004
GRPO,grpo_pt17b,32,583.8828231639927,2335.531292655971
GRPO,grpo_pt17b,33,582.7506971440162,2331.0027885760646
GRPO,grpo_pt17b,34,554.7544426069944,2219.0177704279777
GRPO,grpo_pt17b,35,511.47327399702044,2045.8930959880818
GRPO,grpo_pt17b,36,617.5616661820095,2470.246664728038
GRPO,grpo_pt17b,37,618.925480133039,2475.701920532156
GRPO,grpo_pt17b,38,577.6942867769976,2310.7771471079905
GRPO,grpo_pt17b,39,588.4018947780132,2353.607579112053
GRPO,grpo_pt17b,40,665.3145469660521,2661.2581878642086
GRPO,grpo_pt17b,41,611.9403123929515,2447.761249571806
GRPO,grpo_pt17b,42,566.9078385210014,2267.6313540840056
GRPO,grpo_pt17b,43,563.6423800239572,2254.569520095829
GRPO,grpo_pt17b,44,557.5528026330285,2230.211210532114
GRPO,grpo_pt17b,45,599.124638651032,2396.498554604128
GRPO,grpo_pt17b,46,627.8404669360025,2511.36186774401
GRPO,grpo_pt17b,47,670.657059049001,2682.628236196004
GRPO,grpo_pt17b,48,678.7353229710134,2714.9412918840535
GRPO,grpo_pt17b,49,635.9140893399599,2543.6563573598396
GRPO,grpo_pt17b,50,733.0251133239944,2932.100453295978
GRPO,grpo_pt17b,51,651.6662332410342,2606.664932964137
GRPO,grpo_pt17b,52,654.6315438100137,2618.5261752400547
GRPO,grpo_pt17b,53,706.9510022419854,2827.8040089679416
GRPO,grpo_pt17b,54,709.2889161120402,2837.1556644481607
GRPO,grpo_pt17b,55,731.9587382250465,2927.834952900186
GRPO,grpo_pt17b,56,640.4428827940137,2561.771531176055
GRPO,grpo_pt17b,57,721.7877990119741,2887.1511960478965
GRPO,grpo_pt17b,58,787.3154227470513,3149.2616909882054
GRPO,grpo_pt17b,59,717.4485332599725,2869.79413303989
GRPO,grpo_pt17b,60,871.782397100993,3487.129588403972
GRPO,grpo_pt17b,61,800.709572880005,3202.83829152002
GRPO,grpo_pt17b,62,804.4094617720111,3217.6378470880445
GRPO,grpo_pt17b,63,854.923405236972,3419.693620947888
GRPO,grpo_pt17b,64,759.7670730090467,3039.068292036187
GRPO,grpo_pt17b,65,769.0055313699995,3076.022125479998
GRPO,grpo_pt17b,66,821.711592503998,3286.846370015992
GRPO,grpo_pt17b,67,808.0099036030006,3232.0396144120023
GRPO,grpo_pt17b,68,812.675178190053,3250.700712760212
GRPO,grpo_pt17b,69,853.6674176150118,3414.669670460047
GRPO,grpo_pt17b,70,890.9161935009761,3563.6647740039043
GRPO,grpo_pt17b,71,896.4979287239839,3585.9917148959357
GRPO,grpo_pt17b,72,970.0080845239572,3880.032338095829
GRPO,grpo_pt17b,73,887.354902460007,3549.419609840028
GRPO,grpo_pt17b,74,845.4287112720194,3381.7148450880777
GRPO,grpo_pt17b,75,889.2631295240135,3557.052518096054
GRPO,grpo_pt17b,76,931.5246450059931,3726.0985800239723
GRPO,grpo_pt17b,77,881.1520834689727,3524.608333875891
GRPO,grpo_pt17b,78,1026.8698980959598,4107.479592383839
GRPO,grpo_pt17b,79,978.0605046609999,3912.2420186439995
GRPO,grpo_pt17b,80,1096.4797070919885,4385.918828367954
GRPO,grpo_pt17b,81,987.5476494629984,3950.1905978519935
GRPO,grpo_pt17b,82,1029.630152035039,4118.520608140156
GRPO,grpo_pt17b,83,1078.8156012200052,4315.262404880021
GRPO,grpo_pt17b,84,1091.5465319840005,4366.186127936002
GRPO,grpo_pt17b,85,1072.4668448099983,4289.867379239993
GRPO,grpo_pt17b,86,1105.6384710150305,4422.553884060122
GRPO,grpo_pt17b,87,1137.3007817249745,4549.203126899898
GRPO,grpo_pt17b,88,1146.5037316890084,4586.014926756034
GRPO,grpo_pt17b,89,1139.2733446999919,4557.0933787999675
GRPO,grpo_pt17b,90,1228.3967250279966,4913.586900111986
GRPO,grpo_pt17b,91,1264.3766078079934,5057.506431231974
GRPO,grpo_pt17b,92,1276.7777279880247,5107.110911952099
GRPO,grpo_pt17b,93,1288.1985236069886,5152.794094427954
GRPO,grpo_pt17b,94,1354.2696452789824,5417.078581115929
GRPO,grpo_pt17b,95,1075.6858304280322,4302.743321712129
GRPO,grpo_pt17b,96,1359.4043108249898,5437.617243299959
GRPO,grpo_pt17b,97,1405.7241554739885,5622.896621895954
GRPO,grpo_pt17b,98,1321.560150418023,5286.240601672092
GRPO,grpo_pt17b,99,1342.3374518260243,5369.349807304097
GRPO,grpo_pt17b,100,1501.70984369301,6006.83937477204
GRPO,grpo_pt17b,101,1311.2520622940501,5245.0082491762005
GRPO,grpo_pt17b,102,1458.9234978529857,5835.693991411943
GRPO,grpo_pt17b,103,1528.9533611370134,6115.813444548054
GRPO,grpo_pt17b,104,1272.8734257090255,5091.493702836102
GRPO,grpo_pt17b,105,1594.7746878120233,6379.098751248093
GRPO,grpo_pt17b,106,1666.6537197080324,6666.61487883213
GRPO,grpo_pt17b,107,1626.0109960139962,6504.043984055985
GRPO,grpo_pt17b,108,1552.7726913989754,6211.090765595902
GRPO,grpo_pt17b,109,1663.9678644069936,6655.871457627974
GRPO,grpo_pt17b,110,1712.6719548250549,6850.687819300219
GRPO,grpo_pt17b,111,1785.998768859019,7143.995075436076
GRPO,grpo_pt17b,112,1631.834537172981,6527.338148691924
GRPO,grpo_pt17b,113,1462.6468143520178,5850.587257408071
GRPO,grpo_pt17b,114,1928.786531687947,7715.146126751788
GRPO,grpo_pt17b,115,1798.6750390590169,7194.700156236067
GRPO,grpo_pt17b,116,1716.9429073649808,6867.771629459923
GRPO,grpo_pt17b,117,1675.328702911036,6701.314811644144
GRPO,grpo_pt17b,118,1860.0628441890003,7440.251376756001
GRPO,grpo_pt17b,119,2132.604537723004,8530.418150892016
SKD,skd_pt17b,1,574.0902851459105,2296.361140583642
SKD,skd_pt17b,2,491.14237816492096,1964.5695126596838
SKD,skd_pt17b,3,523.0939329569228,2092.375731827691
SKD,skd_pt17b,4,548.8646295110229,2195.4585180440918
SKD,skd_pt17b,5,497.25207534688525,1989.008301387541
SKD,skd_pt17b,6,569.8415704979561,2279.3662819918245
SKD,skd_pt17b,7,537.2421500291675,2148.96860011667
SKD,skd_pt17b,8,473.1791292259004,1892.7165169036016
SKD,skd_pt17b,9,482.93814481492154,1931.7525792596862
SKD,skd_pt17b,10,635.336758170044,2541.347032680176
SKD,skd_pt17b,11,734.9572066138498,2939.8288264553994
SKD,skd_pt17b,12,532.6638751290739,2130.6555005162954
SKD,skd_pt17b,13,589.5545958548319,2358.2183834193274
SKD,skd_pt17b,14,565.7096622090321,2262.8386488361284
SKD,skd_pt17b,15,562.0586162179243,2248.234464871697
SKD,skd_pt17b,16,553.0950337920804,2212.3801351683214
SKD,skd_pt17b,17,697.6539747428615,2790.615898971446
SKD,skd_pt17b,18,649.5410274679307,2598.1641098717228
SKD,skd_pt17b,19,690.4511883379892,2761.8047533519566
SKD,skd_pt17b,20,725.6498771389015,2902.599508555606
SKD,skd_pt17b,21,743.0643996149302,2972.2575984597206
SKD,skd_pt17b,22,670.724353422178,2682.897413688712
SKD,skd_pt17b,23,670.2909005552065,2681.163602220826
SKD,skd_pt17b,24,707.2112940629013,2828.845176251605
SKD,skd_pt17b,25,710.8831180587877,2843.5324722351506
SKD,skd_pt17b,26,727.4415563021321,2909.7662252085283
SKD,skd_pt17b,27,668.1755657598842,2672.702263039537
SKD,skd_pt17b,28,749.8567252259236,2999.4269009036943
SKD,skd_pt17b,29,815.5322345660534,3262.1289382642135
SKD,skd_pt17b,30,844.0385771980509,3376.1543087922037
SKD,skd_pt17b,31,922.962498714216,3691.849994856864
SKD,skd_pt17b,32,957.6457027979195,3830.582811191678
SKD,skd_pt17b,33,957.250784774078,3829.003139096312
SKD,skd_pt17b,34,929.059180459939,3716.236721839756
SKD,skd_pt17b,35,882.5990853670519,3530.3963414682075
SKD,skd_pt17b,36,1094.6900167800486,4378.760067120194
SKD,skd_pt17b,37,1191.9292217718903,4767.716887087561
SKD,skd_pt17b,38,1027.975680470001,4111.902721880004
SKD,skd_pt17b,39,1056.4850147950929,4225.9400591803715
SKD,skd_pt17b,40,1132.0728706219234,4528.291482487693
SKD,skd_pt17b,41,1042.71794758318,4170.87179033272
SKD,skd_pt17b,42,1032.0459192208946,4128.183676883578
SKD,skd_pt17b,43,940.9157011990901,3763.6628047963604
SKD,skd_pt17b,44,875.5717841919977,3502.287136767991
SKD,skd_pt17b,45,944.4055757920723,3777.6223031682894
SKD,skd_pt17b,46,903.9775730129331,3615.9102920517325
SKD,skd_pt17b,47,929.910054581007,3719.640218324028
SKD,skd_pt17b,48,2781.026857109042,11124.107428436168
SKD,skd_pt17b,49,952.0967440488748,3808.3869761954993
SKD,skd_pt17b,50,916.7573929659557,3667.0295718638226
SKD,skd_pt17b,51,824.1482097599655,3296.592839039862
SKD,skd_pt17b,52,818.8951491618063,3275.5805966472253
SKD,skd_pt17b,53,921.6809585541487,3686.7238342165947
SKD,skd_pt17b,54,904.3462443321478,3617.384977328591
SKD,skd_pt17b,55,1058.0973309869878,4232.389323947951
SKD,skd_pt17b,56,827.7428307870869,3310.9713231483474
SKD,skd_pt17b,57,878.2566849619616,3513.0267398478463
SKD,skd_pt17b,58,877.1221682038158,3508.4886728152633
SKD,skd_pt17b,59,841.4222144249361,3365.6888576997444
SKD,skd_pt17b,60,929.5755793640856,3718.3023174563423
SKD,skd_pt17b,61,1051.5456763119437,4206.182705247775
SKD,skd_pt17b,62,881.6946373290848,3526.778549316339
SKD,skd_pt17b,63,961.5448178411461,3846.1792713645846
SKD,skd_pt17b,64,1032.345593959093,4129.382375836372
SKD,skd_pt17b,65,1013.0764103711117,4052.305641484447
SKD,skd_pt17b,66,959.4996433798224,3837.9985735192895
SKD,skd_pt17b,67,884.8601011021528,3539.4404044086114
SKD,skd_pt17b,68,868.7959925869945,3475.183970347978
SKD,skd_pt17b,69,1022.7208005231805,4090.883202092722
SKD,skd_pt17b,70,914.4731107209809,3657.8924428839236
SKD,skd_pt17b,71,1053.8335164911114,4215.3340659644455
SKD,skd_pt17b,72,1144.2398245830555,4576.959298332222
SKD,skd_pt17b,73,1001.1328745530918,4004.5314982123673
SKD,skd_pt17b,74,968.8032170068473,3875.212868027389
SKD,skd_pt17b,75,852.2457104378846,3408.982841751538
SKD,skd_pt17b,76,924.612733128015,3698.45093251206
SKD,skd_pt17b,77,855.0452480949461,3420.1809923797846
SKD,skd_pt17b,78,871.1733522480354,3484.6934089921415
SKD,skd_pt17b,79,938.0200751619413,3752.0803006477654
SKD,skd_pt17b,80,1033.7018309619743,4134.807323847897
SKD,skd_pt17b,81,1087.6412017829716,4350.5648071318865
SKD,skd_pt17b,82,839.0602742219926,3356.2410968879703
SKD,skd_pt17b,83,895.9286844179733,3583.714737671893
SKD,skd_pt17b,84,968.547634040995,3874.19053616398
SKD,skd_pt17b,85,828.5590131140198,3314.236052456079
SKD,skd_pt17b,86,987.1357641459908,3948.5430565839633
SKD,skd_pt17b,87,922.1004821790266,3688.4019287161063
SKD,skd_pt17b,88,950.5526319700293,3802.2105278801173
SKD,skd_pt17b,89,855.246501962014,3420.986007848056
SKD,skd_pt17b,90,1076.6056688739918,4306.422675495967
SKD,skd_pt17b,91,1010.2783120289678,4041.113248115871
SKD,skd_pt17b,92,917.1968831589911,3668.7875326359645
SKD,skd_pt17b,93,876.1886178560089,3504.7544714240357
SKD,skd_pt17b,94,927.155663475045,3708.62265390018
SKD,skd_pt17b,95,898.0440490409965,3592.176196163986
SKD,skd_pt17b,96,916.6940676179947,3666.776270471979
SKD,skd_pt17b,97,1022.3287713679601,4089.3150854718406
SKD,skd_pt17b,98,752.7061500819982,3010.824600327993
SKD,skd_pt17b,99,943.7727559700143,3775.091023880057
SKD,skd_pt17b,100,1041.2918903999962,4165.167561599985
SKD,skd_pt17b,101,1014.841957304976,4059.367829219904
SKD,skd_pt17b,102,997.4952968190191,3989.9811872760765
SKD,skd_pt17b,103,1240.9996806610143,4963.998722644057
SKD,skd_pt17b,104,863.3730396429892,3453.4921585719567
SKD,skd_pt17b,105,965.4098126720055,3861.639250688022
SKD,skd_pt17b,106,904.507272776973,3618.029091107892
SKD,skd_pt17b,107,897.8358870499651,3591.3435481998604
SKD,skd_pt17b,108,862.0785100099747,3448.314040039899
SKD,skd_pt17b,109,1082.4278702840093,4329.711481136037
SKD,skd_pt17b,110,1032.9488274970208,4131.795309988083
SKD,skd_pt17b,111,982.8395613430184,3931.3582453720737
SKD,skd_pt17b,112,775.1635844649863,3100.6543378599454
SKD,skd_pt17b,113,796.6752569489763,3186.7010277959052
SKD,skd_pt17b,114,970.8663755499874,3883.4655021999497
SKD,skd_pt17b,115,856.256308269978,3425.025233079912
SKD,skd_pt17b,116,838.6688286410063,3354.675314564025
SKD,skd_pt17b,117,812.0755696810083,3248.3022787240334
SKD,skd_pt17b,118,2841.5305995619856,11366.122398247942
SKD,skd_pt17b,119,833.6007668509847,3334.4030674039386
SKD,skd_pt17b,120,1041.9161256710067,4167.664502684027
RelayOPD,relay_1p7b_seed44,1,241.0597005239688,964.2388020958751
RelayOPD,relay_1p7b_seed44,2,147.83600516803563,591.3440206721425
CriticOPD,criticopd_R4GT_pt17b,1,241.6356963569997,966.5427854279988
CriticOPD,criticopd_R4GT_pt17b,2,187.24607817801007,748.9843127120403
CriticOPD,criticopd_R4GT_pt17b,3,134.41556613400462,537.6622645360185
CriticOPD,criticopd_R4GT_pt17b,4,128.74544009901,514.98176039604
CriticOPD,criticopd_R4GT_pt17b,5,141.471807695998,565.887230783992
CriticOPD,criticopd_R4GT_pt17b,6,133.28546500499942,533.1418600199977
CriticOPD,criticopd_R4GT_pt17b,7,144.91057412297232,579.6422964918893
CriticOPD,criticopd_R4GT_pt17b,8,150.57229108500178,602.2891643400071
CriticOPD,criticopd_R4GT_pt17b,9,146.97275663900655,587.8910265560262
CriticOPD,criticopd_R4GT_pt17b,10,186.74795569700655,746.9918227880262
CriticOPD,criticopd_R4GT_pt17b,11,175.44988895201823,701.7995558080729
CriticOPD,criticopd_R4GT_pt17b,12,173.14256833901163,692.5702733560465
CriticOPD,criticopd_R4GT_pt17b,13,184.76215938999667,739.0486375599867
CriticOPD,criticopd_R4GT_pt17b,14,197.47439274200588,789.8975709680235
CriticOPD,criticopd_R4GT_pt17b,15,176.82014601799892,707.2805840719957
CriticOPD,criticopd_R4GT_pt17b,16,210.38579822902102,841.5431929160841
CriticOPD,criticopd_R4GT_pt17b,17,280.08690216898685,1120.3476086759474
CriticOPD,criticopd_R4GT_pt17b,18,371.3071923349926,1485.2287693399703
CriticOPD,criticopd_R4GT_pt17b,19,462.4530444800039,1849.8121779200155
CriticOPD,criticopd_R4GT_pt17b,20,588.56619769198,2354.26479076792
CriticOPD,criticopd_R4GT_pt17b,21,513.6892995660019,2054.7571982640075
CriticOPD,criticopd_R4GT_pt17b,22,599.4970492059947,2397.988196823979
CriticOPD,criticopd_R4GT_pt17b,23,607.0437307310058,2428.174922924023
CriticOPD,criticopd_R4GT_pt17b,24,618.1742393660243,2472.696957464097
CriticOPD,criticopd_R4GT_pt17b,25,614.3421111700009,2457.3684446800034
CriticOPD,criticopd_R4GT_pt17b,26,726.2578349079995,2905.031339631998
CriticOPD,criticopd_R4GT_pt17b,27,718.2292138900084,2872.9168555600336
CriticOPD,criticopd_R4GT_pt17b,28,783.8591388959903,3135.4365555839613
CriticOPD,criticopd_R4GT_pt17b,29,815.5027861269773,3262.011144507909
CriticOPD,criticopd_R4GT_pt17b,30,776.528637387004,3106.114549548016
CriticOPD,criticopd_R4GT_pt17b,31,840.0599010479928,3360.239604191971
CriticOPD,criticopd_R4GT_pt17b,32,829.6895690240199,3318.7582760960795
CriticOPD,criticopd_R4GT_pt17b,33,964.8023129549983,3859.2092518199934
CriticOPD,criticopd_R4GT_pt17b,34,810.3865377290058,3241.546150916023
CriticOPD,criticopd_R4GT_pt17b,35,893.7890500799986,3575.1562003199942
CriticOPD,criticopd_R4GT_pt17b,36,923.5313250519976,3694.12530020799
CriticOPD,criticopd_R4GT_pt17b,37,960.3268692030106,3841.3074768120423
CriticOPD,criticopd_R4GT_pt17b,38,841.3556386679993,3365.422554671997
CriticOPD,criticopd_R4GT_pt17b,39,855.5740238169965,3422.296095267986
CriticOPD,criticopd_R4GT_pt17b,40,876.918382703996,3507.673530815984
